questions,answers
hola,Â¡Hola! Soy tu asistente virtual. Â¿En quÃ© puedo ayudarte hoy? ğŸ˜Š
adiÃ³s,Â¡AdiÃ³s! Espero haberte ayudado. Â¡Nos vemos pronto! ğŸ‘‹
buenos dÃ­as,Â¡Buenos dÃ­as! Â¿CÃ³mo te sientes hoy? ğŸŒ
buenas tardes,Â¡Buenas tardes! Â¿QuÃ© puedo hacer por ti? ğŸŒ‡
buenas noches,Â¡Buenas noches! Â¿Necesitas ayuda antes de dormir? ğŸŒ™
Â¿Me cuentas un chiste?,Un chiste rÃ¡pido: Â¿CÃ³mo se llama un boomerang que no vuelve? Â¡Un palo! ğŸ˜‚
CuÃ©ntame un chiste,Un chiste rÃ¡pido: Â¿CÃ³mo se llama un boomerang que no vuelve? Â¡Un palo! ğŸ˜‚
Â¿Tienes algÃºn chiste?,Un chiste rÃ¡pido: Â¿CÃ³mo se llama un boomerang que no vuelve? Â¡Un palo! ğŸ˜‚
Dime un chiste,Un chiste rÃ¡pido: Â¿CÃ³mo se llama un boomerang que no vuelve? Â¡Un palo! ğŸ˜‚
Â¿Sabes un chiste?,Un chiste rÃ¡pido: Â¿CÃ³mo se llama un boomerang que no vuelve? Â¡Un palo! ğŸ˜‚
Â¿Me dices un dato curioso?,"Â¿SabÃ­as que las abejas tienen cinco ojos? Â¡SÃ­, cinco! ğŸ"
Dime algo interesante,"Â¿SabÃ­as que las abejas tienen cinco ojos? Â¡SÃ­, cinco! ğŸ"
Quiero un dato curioso,"Â¿SabÃ­as que las abejas tienen cinco ojos? Â¡SÃ­, cinco! ğŸ"
CuÃ©ntame un dato curioso,"Â¿SabÃ­as que las abejas tienen cinco ojos? Â¡SÃ­, cinco! ğŸ"
Â¿Sabes algo curioso?,"Â¿SabÃ­as que las abejas tienen cinco ojos? Â¡SÃ­, cinco! ğŸ"
Dime otro dato curioso,"SabÃ­as que el Sol es 330,000 veces mÃ¡s masivo que la Tierra? â˜€ï¸"
"Otro dato curioso, por favor","SabÃ­as que el Sol es 330,000 veces mÃ¡s masivo que la Tierra? â˜€ï¸"
Dame un dato mÃ¡s,"SabÃ­as que el Sol es 330,000 veces mÃ¡s masivo que la Tierra? â˜€ï¸"
CuÃ©ntame algo curioso,"SabÃ­as que el Sol es 330,000 veces mÃ¡s masivo que la Tierra? â˜€ï¸"
Â¿Sabes otro dato interesante?,"SabÃ­as que el Sol es 330,000 veces mÃ¡s masivo que la Tierra? â˜€ï¸"
Â¿Tienes alguna adivinanza?,"SÃ­, ahÃ­ va: Blanco por dentro, verde por fuera. Si quieres que te lo diga, espera. Â¿QuÃ© es? (La respuesta es: el coco)"
Dime una adivinanza,"SÃ­, ahÃ­ va: Blanco por dentro, verde por fuera. Si quieres que te lo diga, espera. Â¿QuÃ© es? (La respuesta es: el coco)"
Â¿Sabes alguna adivinanza?,"SÃ­, ahÃ­ va: Blanco por dentro, verde por fuera. Si quieres que te lo diga, espera. Â¿QuÃ© es? (La respuesta es: el coco)"
Quiero una adivinanza,"SÃ­, ahÃ­ va: Blanco por dentro, verde por fuera. Si quieres que te lo diga, espera. Â¿QuÃ© es? (La respuesta es: el coco)"
Dame una adivinanza,"SÃ­, ahÃ­ va: Blanco por dentro, verde por fuera. Si quieres que te lo diga, espera. Â¿QuÃ© es? (La respuesta es: el coco)"
Â¿QuÃ© puedo hacer si me aburro?,Â¿Por quÃ© no aprendes a hacer origami? Â¡Es una actividad creativa y relajante!
Dame una idea para no aburrirme,Â¿Por quÃ© no aprendes a hacer origami? Â¡Es una actividad creativa y relajante!
Â¿QuÃ© me sugieres hacer?,Â¿Por quÃ© no aprendes a hacer origami? Â¡Es una actividad creativa y relajante!
Dime algo divertido para hacer,Â¿Por quÃ© no aprendes a hacer origami? Â¡Es una actividad creativa y relajante!
Â¿Tienes alguna idea para hacer algo?,Â¿Por quÃ© no aprendes a hacer origami? Â¡Es una actividad creativa y relajante!
